{
  "exam_id": 6,
  "exam_name": "Essay Test 1",
  "page_w_pt": 595.2755905511812,
  "page_h_pt": 841.8897637795277,
  "generated": "2026-04-04T12:49:25.994863",
  "corner_markers": {
    "TL": {
      "x": 48.0236220472441,
      "y": 802.3700787401576,
      "x_norm": 0.080675,
      "y_norm": 0.953058
    },
    "TR": {
      "x": 535.2519685039371,
      "y": 802.3700787401576,
      "x_norm": 0.899167,
      "y_norm": 0.953058
    },
    "BL": {
      "x": 48.0236220472441,
      "y": 185.18897637795288,
      "x_norm": 0.080675,
      "y_norm": 0.219968
    },
    "BR": {
      "x": 463.8897637795276,
      "y": 185.18897637795288,
      "x_norm": 0.779286,
      "y_norm": 0.219968
    }
  },
  "regions": [
    {
      "type": "answer_box",
      "question_no": 1,
      "box_x": 51.0236220472441,
      "box_y": 546.3700787401576,
      "box_w": 493.228346456693,
      "box_h": 128,
      "x_norm": 0.085714,
      "y_norm": 0.648981,
      "w_norm": 0.828571,
      "h_norm": 0.152039
    },
    {
      "type": "answer_box",
      "question_no": 2,
      "box_x": 51.0236220472441,
      "box_y": 392.3700787401576,
      "box_w": 493.228346456693,
      "box_h": 128,
      "x_norm": 0.085714,
      "y_norm": 0.466059,
      "w_norm": 0.828571,
      "h_norm": 0.152039
    },
    {
      "type": "answer_box",
      "question_no": 3,
      "box_x": 51.0236220472441,
      "box_y": 238.37007874015762,
      "box_w": 493.228346456693,
      "box_h": 128,
      "x_norm": 0.085714,
      "y_norm": 0.283137,
      "w_norm": 0.828571,
      "h_norm": 0.152039
    }
  ],
  "bubbles": []
}